name,material
BARBARA Sweater,
JOHNNY Wool sweater,
GABY Wool Cardigan,
GABY Wool Cardigan,
GABY Wool Cardigan,
GABY Cotton Cardigan,organic_cotton
PAOLA Wool Sweater,
SIMONE Wool Balaclava,
Alice Wool Scarf,
GALA Hand Knitted Sweater,
MARGUERITE Cotton Top,organic_cotton
Sweathoodie,organic_cotton
Sweathoodie,organic_cotton
Team Fox Graphic Tee,organic_cotton
Team Panda Graphic Tee,organic_cotton
Team Planet Graphic Tee,organic_cotton
Tetris 90 Graphic Tee,organic_cotton
The Blue Side Graphic Tee,organic_cotton
The Green Side Graphic Tee,organic_cotton
The Sweet Side Graphic Tee,organic_cotton
Time To Change Graphic Tee,organic_cotton
Treeangle Graphic Tee,organic_cotton
V Neck Basic Tee,organic_cotton
V Neck Basic Tee,organic_cotton
V Neck Basic Tee,organic_cotton
V Neck Basic Tee,organic_cotton
